{
    "intercept": -0.057137202,
    "time": {
        "0~6": 0,
        "6~12": 0.150523578474539,
        "12~18": 0.277074242614055,
        "18~24": 0.0512234728714255
    },
    "day": {
        "1": -0.08994355,
        "2": -0.011151101,
        "3": -0.09928500,
        "4": -0.0798117,
        "5": 0,
        "6": 0.1466045,
        "0": 0.0373011
    },
    "weather": {
        "clear": -0.04714542,
        "rain": 0
    },
    "traffic": 0.00000216
}