{
    "intercept": 0.146231,
    "time":{
        "0~12":0,
        "12~24":0.09345342
    },
    "day":{
        "1":-0.175481753,
        "2":-0.013968949,
        "3":-0.191212460,
        "4":-0.152692552,
        "5":0,
        "6":0.2922578997,
        "0":0.0911634951

    },
    "weather":{
        "clear":0,
        "rain":0.1048587
    },
    "traffic":0.00000488
}