{
    "intercept":-0.306280472,
    "time":{
        "0~12":0,
        "12~24":0.103457266
    },
    "day":{
        "1":-0.177763632,
        "2":-0.01866859,
        "3":-0.195361207,
        "4":-0.156600174,
        "5":0,
        "6":0.292791773,
        "0":0.08202497

    },
    "weather":{
        "clear":0,
        "rain":0.098816073
    },
    "traffic":0.00000334,
    "length":0.0789453581284131
}
