{
    "intercept": 0.466,
    "time": {
        "0~6": 0,
        "6~12": 0.04978,
        "12~18": 0.549892,
        "18~24": 0.287046
    },
    "day": {
        "1": -0.174,
        "2": -0.152,
        "3": -0.11723,
        "4": -0.05971,
        "5": -0.18824,
        "6": -0.01118,
        "0": 0
    },
    "weather": {
        "clear": -0.42224,
        "rain": -0.254
    },
    "traffic": 0.000002,
    "length": 0.009377
}