{
    "intercept":1.747,
    "time":{
        "0~12":0,
        "12~24":-0.787
    },
    "day":{
        "1":-0.326,
        "2":-0.008,
        "3":-0.212,
        "4":-0.097,
        "5":-0.354,
        "6":0,
        "0":0.0224

    },
    "weather":{
        "clear":-0.8445,
        "rain":-0.508
    },
    "traffic":0.000002003,
    "length":0.01452
}