{
    "intercept": -0.147773933,
    "time": {
        "0~6": 0,
        "6~12": 0.147890866,
        "12~18": 0.274579309,
        "18~24": 0.04921478
    },
    "day": {
        "1": -0.089882284,
        "2": -0.01102668,
        "3": -0.099175154,
        "4": -0.079708293,
        "5": 0,
        "6": 0.146590414,
        "0": 0.037543966
    },
    "weather": {
        "clear": -0.04730506,
        "rain": 0
    },
    "traffic": 0.00000224,
    "length": 0.038599871
}