{
    "intercept": 0.270436146097099,
    "time": {
        "0~6": 0,
        "6~12":0.081787238,
        "12~18": 0.198065978,
        "18~24":-0.015853002
    },
    "day": {
        "1": -0.09684788,
        "2": 0.00225754,
        "3": -0.125335267,
        "4": -0.094492006,
        "5": 0,
        "6": 0.126678094,
        "0":0.029044076
    },
    "weather": {
        "clear": -0.066937137,
        "rain": 0
    },
    "traffic": 0.00000487,
    "length": 0.059087085,
    "curvature":0.197853468,
    "bridge":-0.065021412
}
