{
    "intercept":-0.797875032,
    "time":{
        "0~12":0,
        "12~24":0.056398349
    },
    "day":{
        "1":-0.190509949,
        "2":0.0106148,
        "3":-0.245285139,
        "4":-0.183910965,
        "5":0,
        "6":0.252660416,
        "0":0.070171917

    },
    "weather":{
        "clear":0,
        "rain":0.141625526
    },
    "traffic":0.00000686,
    "length":0.128349148,
    "curvature":0.459088508,
    "bridge":-0.149786984
}

